Name,Slug,Collection ID,Locale ID,Item ID,Archived,Draft,Created On,Updated On,Published On,Description,Best for,Steps,Order,Image
Analogies,analogies,68300828427e8b9f263c88de,65d0adc286ea7998ef237173,68344b974bc0e8b8927a7307,false,false,Mon May 26 2025 11:08:07 GMT+0000 (Coordinated Universal Time),Tue May 27 2025 14:51:42 GMT+0000 (Coordinated Universal Time),Tue May 27 2025 14:51:42 GMT+0000 (Coordinated Universal Time),"Uses familiar ideas to explain new or abstract concepts, making them easier to understand and remember.","Complex product features, technical integrations, concepts.","<h2 id="""">What are analogies</h2><p id="""">Analogies use comparisons between familiar and unfamiliar concepts to simplify understanding. They help explain new or complex ideas by relating them to something the learner already knows. For example, describing an API as a ""restaurant waiter"" helps non-technical users understand data requests and responses.</p><h2 id="""">Why it works</h2><p id="""">Analogies tap into prior knowledge, making abstract or technical content more memorable. They reduce cognitive load, accelerate comprehension, and help learners build mental models by creating bridges between the known and the unknown.</p><h2 id="""">Where to use it</h2><p id="""">Analogies are ideal when introducing complex features, explaining strategic concepts, or simplifying technical processes. They’re especially powerful in environments where learners come from diverse backgrounds and may not share the same level of expertise.</p><h2 id="""">Analogies for user onboarding and education</h2><p id="""">When onboarding users, analogies make new interfaces and processes feel familiar. For example, describing a dashboard as a “mission control center” or a tagging system as a “folderless filing cabinet” helps users grasp functions faster and reduces friction during their first experience.</p><h2 id="""">Analogies for customer education</h2><p id="""">Customer education content often covers advanced use cases or integrations. Analogies can clarify those without overwhelming the learner. For instance, comparing your platform’s automation builder to a “train schedule” helps customers understand how triggers and actions are connected over time.</p><h2 id="""">Analogies for partner enablement</h2><p id="""">Partners often need to understand the broader value proposition and ecosystem. Analogies can explain positioning, competitive landscape, or go-to-market motion. For example, framing your solution as the “hub in a wheel of services” helps partners see how it fits with others they offer.</p><h2 id="""">Analogies for sales rep training</h2><p id="""">Sales reps need to simplify product explanations for different buyer personas. Teaching them powerful analogies gives them tools to sell more effectively. For example, describing your platform’s AI as a “GPS for onboarding” equips reps with clear, repeatable stories to handle objections and spark interest.</p><p id="""">‍</p>",7,https://cdn.prod.website-files.com/65d0adc286ea7998ef23718c/683489c831a9800ea63cfc9e_de-compress.svg
Animations,animations,68300828427e8b9f263c88de,65d0adc286ea7998ef237173,68344b9b7d82acbb93f09a83,false,false,Mon May 26 2025 11:08:11 GMT+0000 (Coordinated Universal Time),Tue May 27 2025 15:21:40 GMT+0000 (Coordinated Universal Time),Tue May 27 2025 15:21:40 GMT+0000 (Coordinated Universal Time),Motion graphics used to simplify and visualize abstract or complex ideas. Increases retention and engagement.,"Concept explanation, system overviews, onboarding narratives.","<h2 id="""">What is animation-based learning</h2><p id="""">Animation-based learning uses motion graphics or illustrated video sequences to explain concepts in a simplified and visually engaging way. It turns abstract, technical, or multi-step ideas into dynamic stories or visual metaphors that are easier to understand and remember. Whether it's a product workflow or a brand’s origin story, animations help learners ""see"" how things work.</p><h2 id="""">Why it works</h2><p id="""">Animations activate both visual and auditory channels, which increases cognitive engagement and memory retention. They reduce cognitive load by chunking complex information into digestible sequences. This technique also appeals to different learning styles and works well across cultures and languages when designed thoughtfully.</p><h2 id="""">Where to use it</h2><p id="""">Use animations when you need to explain a process, concept, or system that’s hard to grasp through text or static images. They're ideal for asynchronous learning, especially when clarity and consistency matter—like compliance flows, setup walkthroughs, or ecosystem overviews.</p><h2 id="""">Animation-based learning for user onboarding and education</h2><p id="""">Animations are perfect for first-time user education—especially when users need to quickly understand “what this product does” or “how it fits together.” Instead of long articles or static guides, you can show them a 60-second animated explainer that covers everything from benefits to first steps in a memorable way.</p><h2 id="""">Animation-based learning for customer education</h2><p id="""">When customers are trying to understand a new feature or integration, animations can break it down visually—faster than a document or a live call. For example, showing how your system syncs with theirs, or how data flows between tools, eliminates confusion and increases adoption.</p><h2 id="""">Animation-based learning for partner enablement</h2><p id="""">Partners often need to grasp positioning, architecture, or value propositions quickly to sell or support your product. A series of animated videos can help partners internalize complex workflows, customer journeys, or sales plays in a way that's both scalable and engaging.</p><h2 id="""">Animation-based learning for sales rep training</h2><p id="""">Sales reps need to be able to explain your solution clearly and quickly. Give them short animations they can both learn from and share with prospects. These animated visual aids help reps feel confident pitching—even on new or technical topics—while reinforcing key messages during training.</p>",18,https://cdn.prod.website-files.com/65d0adc286ea7998ef23718c/6834869eda81e5899071761a_substract.svg
Branching paths,branching-paths,68300828427e8b9f263c88de,65d0adc286ea7998ef237173,68344b98b276efcaea4ce8eb,false,false,Mon May 26 2025 11:08:08 GMT+0000 (Coordinated Universal Time),Tue May 27 2025 15:18:21 GMT+0000 (Coordinated Universal Time),Tue May 27 2025 15:18:21 GMT+0000 (Coordinated Universal Time),Non-linear learning where each choice changes the direction of the lesson. Encourages engagement and ownership.,"Support training, partner enablement, sales judgment.","<h2 id="""">What is branching paths</h2><p id="""">Branching paths are a non-linear learning method where learners make choices that determine what they see next. Instead of a single, fixed lesson, the path evolves based on decisions made—similar to a “choose your own adventure.” This gives learners control over their experience and increases relevance by tailoring content to their needs or behaviors.</p><h2 id="""">Why it works</h2><p id="""">Branching paths work because they simulate real-world decision-making and consequences. They make learning feel more personal and less passive. When learners are faced with a choice, they become mentally invested in the outcome. This boosts engagement, deepens understanding, and improves retention—especially in training that involves complex reasoning, soft skills, or variable customer scenarios.</p><h2 id="""">Where to use it</h2><p id="""">Use branching paths when there are multiple ways to reach a goal, when learners need to apply judgment, or when context changes the outcome (e.g., “what would you do in this situation?”). It's particularly powerful in support training, partner onboarding, sales strategy, and internal compliance training.</p><h2 id="""">Branching paths for user onboarding and education</h2><p id="""">For user onboarding, branching paths can guide users through different product journeys based on their goals, roles, or previous actions. For example, a fintech app might offer different flows depending on whether the user is self-employed or managing payroll. This increases relevance and helps users find value faster.</p><h2 id="""">Branching paths for customer education</h2><p id="""">In customer education, branching can tailor learning paths based on use case, industry, or maturity. A B2B software platform could offer tailored walkthroughs for admins, marketers, or analysts—each with different priorities and tasks. This makes self-serve learning more efficient and customer success teams more scalable.</p><h2 id="""">Branching paths for partner enablement</h2><p id="""">Partners often come from different backgrounds and need to ramp up in different ways. A branching path approach can allow technical resellers, marketing agencies, or solution integrators to follow their own track—with decision points that guide them through what’s most relevant. This reduces friction and accelerates partner certification.</p><h2 id="""">Branching paths for sales rep training</h2><p id="""">Sales reps face judgment calls every day. Branching scenarios can simulate live sales conversations—such as how to respond to objections, qualify leads, or navigate different buyer personas. Based on their choices, reps can see the impact of their approach, receive feedback, and learn to improve outcomes in realistic conditions.</p>",14,https://cdn.prod.website-files.com/65d0adc286ea7998ef23718c/68348734f008abc19b7f13ce_git-fork.svg
Case studies,case-studies,68300828427e8b9f263c88de,65d0adc286ea7998ef237173,68344b98e5c8a77fdfcdad0a,false,false,Mon May 26 2025 11:08:08 GMT+0000 (Coordinated Universal Time),Tue May 27 2025 15:10:04 GMT+0000 (Coordinated Universal Time),Tue May 27 2025 15:10:04 GMT+0000 (Coordinated Universal Time),"Real-world examples of how others solved similar problems using your product. Adds proof, inspiration, and context.","Partner enablement, feature discovery, strategic onboarding.","<h2 id="""">What is a case study</h2><p id="""">A case study is a real-world example that shows how others have successfully solved a problem or achieved a goal using your product. It highlights the challenge, the solution, and the results—offering proof, context, and inspiration for new learners.</p><h2 id="""">Why it works</h2><p id="""">People learn best through relatable stories. Case studies offer social proof and practical clarity. They show not just <em id="""">what</em> to do, but <em id="""">how</em> it worked for others in a similar situation. This reduces uncertainty, builds trust, and helps learners see themselves in the success story.</p><h2 id="""">Where to use it</h2><p id="""">Use case studies when you need to shift mindsets, explain complex solutions, or build confidence in a process. They're effective after foundational learning, as reinforcement or motivation to move forward—especially when learners are hesitating to take action.</p><h2 id="""">Case studies for user onboarding and education</h2><p id="""">In user onboarding, case studies help new users understand how others achieved results quickly. For example, show how a peer company launched an integration in one week using your platform. It validates the effort and inspires action early in the journey.</p><h2 id="""">Case studies for customer education</h2><p id="""">In customer education, case studies can demonstrate advanced usage, process improvements, or strategic outcomes. For example, showcase how a retail brand improved inventory accuracy by using a feature set correctly—making the abstract more tangible.</p><h2 id="""">Case studies for partner enablement</h2><p id="""">For partners, case studies are powerful tools to demonstrate how others ramped up quickly, closed their first deal, or solved a complex client need using your platform. They provide playbooks and context that reduce time to first success and promote autonomy.</p><h2 id="""">Case studies for sales rep training</h2><p id="""">Sales reps benefit from case studies by learning how others handled objections, positioned the solution, or moved deals forward. This turns strategy into lived experience and sharpens their confidence when speaking to prospects in similar industries or use cases.</p>",13,https://cdn.prod.website-files.com/65d0adc286ea7998ef23718c/683489aee6bcbd7f432c27be_rubik-cube.svg
Checklists,checklists,68300828427e8b9f263c88de,65d0adc286ea7998ef237173,68344b9829501790019107bb,false,false,Mon May 26 2025 11:08:08 GMT+0000 (Coordinated Universal Time),Tue May 27 2025 15:12:10 GMT+0000 (Coordinated Universal Time),Tue May 27 2025 15:12:10 GMT+0000 (Coordinated Universal Time),Step-by-step to-do lists that help learners stay on track during processes or setup. Promotes clarity and action.,"Onboarding flows, integration steps, partner certification.","<h2 id="""">What is checklist-based learning</h2><p id="""">Checklist-based learning provides learners with structured, step-by-step to-do lists that guide them through processes or setups. This simple format promotes clarity, reduces overwhelm, and ensures nothing critical is missed—especially during complex or multi-step workflows.</p><h2 id="""">Why it works</h2><p id="""">Checklists reduce cognitive load by externalizing what needs to be done. Instead of remembering every detail, learners can focus on execution. They also create a sense of progress and momentum—checking off tasks delivers quick wins, reinforcing motivation and confidence.</p><h2 id="""">Where to use it</h2><p id="""">Checklists are ideal for task-heavy processes that must be completed in a specific order. Think: integrating software, preparing for compliance reviews, launching a campaign, or onboarding a new partner. They also support accountability and are easy to share or track across teams.</p><h2 id="""">Checklists for user onboarding and education</h2><p id="""">Users often abandon onboarding flows due to unclear next steps. A checklist breaks it down: connect your tool, set your first goal, invite a teammate. With AI-generated onboarding checklists tailored to each role or use case, users stay focused and get to value faster.</p><h2 id="""">Checklists for customer education</h2><p id="""">When customers are trying to implement a new feature or workflow, a checklist makes the process actionable: watch the intro video, configure settings, run your first report. It helps translate theory into practice—especially when paired with in-context help or tooltips.</p><h2 id="""">Checklists for partner enablement</h2><p id="""">For partner programs, checklists streamline certification paths or onboarding: complete training, submit your first lead, pass the quiz. This gives partners confidence that they’re on the right track and gives vendors visibility into their progress and engagement.</p><h2 id="""">Checklists for sales rep training</h2><p id="""">Sales enablement often involves process adherence—pitch structure, discovery flow, CRM updates. Checklists turn messy onboarding into clean, trackable actions: review objection-handling playbook, shadow a call, log your first lead. It builds habits faster and ensures consistent ramp-up.</p><p id="""">‍</p>",9,https://cdn.prod.website-files.com/65d0adc286ea7998ef23718c/6834a7fef52bacda41367315_task-list.svg
Demos,click-demos,68300828427e8b9f263c88de,65d0adc286ea7998ef237173,68344b980a9287c7e6138bce,false,false,Mon May 26 2025 11:08:08 GMT+0000 (Coordinated Universal Time),Tue May 27 2025 15:08:46 GMT+0000 (Coordinated Universal Time),Tue May 27 2025 15:08:46 GMT+0000 (Coordinated Universal Time),Interactive walkthroughs of UI elements where learners click through a product or dashboard.,"Product tours, feature adoption, hands-on onboarding.","<h2 id="""">What is demo-based learning?</h2><p id="""">Demo-based learning uses interactive walkthroughs of real or simulated user interfaces. Learners click through product flows, dashboards, or tools to complete tasks. These demos often guide users step-by-step, with tooltips, highlights, or prompts that show what to do next. It’s a “learn by doing” approach embedded directly in the product or inside an interactive simulation.</p><h2 id="""">Why it works</h2><p id="""">People retain knowledge better when they <em id="""">use</em> what they’re learning. Demos create a safe environment where learners actively engage with the actual interface instead of passively watching a video or reading docs. This builds muscle memory and confidence. It also reduces time-to-value by letting users experience wins fast—especially during onboarding.</p><h2 id="""">Where to use it</h2><p id="""">Demo-based learning is ideal for any product or process with a user interface. Whether you’re launching a new feature, introducing a CRM to sales reps, or showing partners how to configure pricing rules—it works best when learners need to complete repeatable actions in a digital environment.</p><h2 id="""">Demo-based learning for user onboarding and education</h2><p id="""">For user onboarding, demos help new users hit the ground running. Instead of reading help docs or waiting for a webinar, users click through the real UI and complete tasks like setting up integrations, importing data, or creating their first dashboard. This eliminates confusion and builds instant familiarity with the product.</p><h2 id="""">Demo-based learning for customer education</h2><p id="""">For customers, demos support deeper feature adoption. You can guide them through advanced workflows like configuring automation, managing permissions, or launching a campaign. Each walkthrough can be personalized by use case, role, or maturity—making education relevant and sticky.</p><h2 id="""">Demo-based learning for partner enablement</h2><p id="""">Partners often need to learn how to navigate your systems fast—especially when white-labeling, setting up billing, or managing joint deals. Demos ensure they see exactly what to do without sitting through hours of training. You can embed them into a partner portal for self-serve access anytime.</p><h2 id="""">Demo-based learning for sales rep training</h2><p id="""">Sales reps benefit from hands-on demos to understand the product they’re selling. Instead of static decks, give them interactive walkthroughs that show them how to demo key features, handle objections, or configure common use cases. This helps them speak with more confidence and demo with accuracy.</p>",6,https://cdn.prod.website-files.com/65d0adc286ea7998ef23718c/6834899cfb6e19f4aaa0293d_rocket.svg
Feedback loops,feedback-loops,68300828427e8b9f263c88de,65d0adc286ea7998ef237173,68344b98f3bda52ace54ba81,false,false,Mon May 26 2025 11:08:08 GMT+0000 (Coordinated Universal Time),Tue May 27 2025 15:19:12 GMT+0000 (Coordinated Universal Time),Tue May 27 2025 15:19:12 GMT+0000 (Coordinated Universal Time),Structured points where learners receive insights on their progress and suggestions for next steps.,"Ongoing learning, coaching-style onboarding.","<h2 id="""">What is feedback loop learning</h2><p id="""">Feedback loop learning builds structured checkpoints into the learning experience, where learners receive timely insights on their progress—what they’ve done well, where they’re stuck, and what to do next. This helps keep learning adaptive, personalized, and goal-oriented. Feedback can come from instructors, peers, or AI-driven systems.</p><h2 id="""">Why it works</h2><p id="""">It closes the gap between effort and outcome. Without feedback, learners don’t know whether they’re on the right track. Well-timed feedback builds confidence, corrects misconceptions early, and increases motivation. When learners can act on feedback in real time, they improve faster and retain more.</p><h2 id="""">Where to use it</h2><p id="""">Use feedback loops in any program where progress matters more than completion. Especially when success depends on applying knowledge correctly—like sales conversations, integration setup, or navigating a complex product. Feedback loops are also powerful in self-paced and AI-driven learning paths.</p><h2 id="""">Feedback loops for user onboarding and education</h2><p id="""">For users, feedback loops help them understand whether they’re using a product effectively. For example, a user completing a multi-step integration can get a pop-up confirming success or flagging issues—paired with next steps. AI can analyze user behavior and nudge them toward best practices or suggest relevant help content automatically.</p><h2 id="""">Feedback loops for customer education</h2><p id="""">In customer academies, feedback can take the form of in-course prompts, post-lesson summaries, or AI-generated skill assessments. Instead of passively watching videos, customers get guided through content with feedback that adapts to their pace and needs—turning courses into a conversation, not a lecture.</p><h2 id="""">Feedback loops for partner enablement</h2><p id="""">Partners often work semi-independently, so built-in feedback loops help them stay aligned. These can be milestone check-ins during onboarding, auto-evaluated knowledge checks after modules, or AI coaches offering suggestions based on their performance. It ensures they ramp up effectively without requiring constant 1:1 support.</p><h2 id="""">Feedback loops for sales rep training</h2><p id="""">Sales reps benefit from real-time feedback on simulated calls, objection handling exercises, and pitch practice. With AI, reps can get scoring on tone, clarity, and persuasion, plus suggestions for improvement. Over time, feedback loops help turn practice into performance and new reps into top performers.</p>",12,https://cdn.prod.website-files.com/65d0adc286ea7998ef23718c/6834871d3eaa511838e16760_refresh-double.svg
Guided discovery,guided-discovery,68300828427e8b9f263c88de,65d0adc286ea7998ef237173,68344b97bfa2d37ca3610b17,false,false,Mon May 26 2025 11:08:07 GMT+0000 (Coordinated Universal Time),Tue May 27 2025 14:56:47 GMT+0000 (Coordinated Universal Time),Tue May 27 2025 14:56:47 GMT+0000 (Coordinated Universal Time),"Learners complete tasks by exploring, with minimal direct instruction. Boosts autonomy and hands-on learning.","User onboarding, software education, setup tasks.","<h2 id="""">What is guided discovery</h2><p id="""">Guided discovery is a learning technique where learners solve problems or complete tasks by exploring, testing, and observing—rather than being told exactly what to do. While there’s a goal and structure, direct instruction is minimal. Instead, learners are nudged with cues, prompts, or feedback that help them figure things out on their own.</p><h2 id="""">Why it works</h2><p id="""">People retain more when they actively engage with material rather than passively receive it. Guided discovery encourages experimentation, reflection, and critical thinking—making it more likely that the learner internalizes what they’re learning. It also builds autonomy, which is especially important for complex tools or environments where future learning will depend on self-navigation.</p><h2 id="""">Where to use it</h2><p id="""">Use guided discovery when:</p><ul id=""""><li>There are clear goals but multiple paths to get there.</li><li>You want learners to build confidence through doing, not just watching.</li><li>Context and problem-solving are more valuable than rote instruction.</li></ul><p id="""">Examples include software walkthroughs, DIY product configuration, and sandboxed environments in business simulations.</p><h2 id="""">Guided discovery for user onboarding and education</h2><p id="""">Instead of telling users how to use a feature, guide them through completing a task that requires using it. For example, a new analytics platform might prompt users to create a custom dashboard by exploring filters, metrics, and visualizations—with hints along the way. This helps users gain functional understanding and feel more confident from the start.</p><h2 id="""">Guided discovery for customer education</h2><p id="""">In customer education, guided discovery can turn documentation into interactive, task-driven modules. Rather than a video on how to set up an integration, a guided flow might walk the customer through connecting their CRM—highlighting options, checking for errors, and offering tips only if they get stuck. This builds muscle memory and reduces support tickets.</p><h2 id="""">Guided discovery for partner enablement</h2><p id="""">Partners often need to navigate complex systems or configure products for clients. Guided discovery helps them learn through simulation: setting up a product environment, exploring feature dependencies, or tailoring a solution to a sample customer. It creates hands-on competence without overloading them with theory or linear training.</p><h2 id="""">Guided discovery for sales rep training</h2><p id="""">Rather than reading pitch decks, sales reps can explore mock deal scenarios where they choose how to respond to objections, prioritize leads, or navigate a CRM. Each choice leads to consequences and feedback, encouraging exploration and learning from mistakes—mirroring the autonomy they’ll need in real conversations.</p>",5,https://cdn.prod.website-files.com/65d0adc286ea7998ef23718c/683488d9e1fce5aa0a11f255_position.svg
Job aids,job-aids,68300828427e8b9f263c88de,65d0adc286ea7998ef237173,68344b9886f45ad8c98f8ebd,false,false,Mon May 26 2025 11:08:08 GMT+0000 (Coordinated Universal Time),Tue May 27 2025 15:13:38 GMT+0000 (Coordinated Universal Time),Tue May 27 2025 15:13:38 GMT+0000 (Coordinated Universal Time),"Quick-reference tools that support learners on the job, reducing cognitive load during execution.","Sales scripts, troubleshooting, product implementation.","<h2 id="""">What is a job aid</h2><p id="""">A job aid is a performance support tool—like a checklist, flowchart, sales script, or decision tree—that learners use <strong id="""">while doing the task</strong>, not before. Instead of trying to memorize everything, users refer to the aid when they need it. It's about just-in-time support, reducing mental load, and speeding up execution.</p><h2 id="""">Why it works</h2><p id="""">Job aids reduce cognitive load by moving knowledge out of the brain and onto the page. When people are under pressure—during a sales call, a complex setup, or support situation—they perform better when they can follow clear prompts. It supports performance without requiring complete recall.</p><h2 id="""">Where to use it</h2><p id="""">Use job aids when a task:</p><ul id=""""><li>Involves multiple steps or decision points</li><li>Is high stakes or error-prone</li><li>Is done infrequently, so memory fades</li><li>Requires consistency across teams (e.g., messaging, troubleshooting)</li></ul><p id="""">Think: <strong id="""">call center scripts</strong>, <strong id="""">integration steps</strong>, <strong id="""">legal disclaimers</strong>, <strong id="""">pricing calculators</strong>, or <strong id="""">partner playbooks</strong>.</p><h2 id="""">Job aids for user onboarding and education</h2><p id="""">In user onboarding, job aids help reduce drop-off and frustration during setup or first use. For example:</p><ul id=""""><li>A printable quick-start guide for installing sensors in a smart home system</li><li>A sidebar decision tree for choosing the right insurance plan in a self-service portal</li><li>An embedded tooltip flowchart that helps users troubleshoot their first API call</li></ul><h2 id="""">Job aids for customer education</h2><p id="""">In customer education, job aids support your users when they’re trying to <em id="""">do</em> something, not just <em id="""">learn</em> it. Think:</p><ul id=""""><li>Implementation checklists for new payroll software</li><li>“Which tool to use” matrices for design teams using a new creative suite</li><li>Role-specific support docs that help different departments succeed with your platform</li></ul><h2 id="""">Job aids for partner enablement</h2><p id="""">Partners often juggle your product alongside others. Job aids help them stay aligned and reduce missteps. Examples:</p><ul id=""""><li>Sales battlecards comparing your solution with competitors</li><li>Pre-call qualification scripts</li><li>Launch timelines or campaign setup cheat sheets for co-marketing efforts</li></ul><h2 id="""">Job aids for sales rep training</h2><p id="""">Sales reps use job aids in real time to stay sharp and on-message. Think:</p><ul id=""""><li>Objection-handling cards during live calls</li><li>Product fit reference charts mapped to customer pain points</li><li>Discovery call question frameworks they can reference on-screen</li></ul>",15,https://cdn.prod.website-files.com/65d0adc286ea7998ef23718c/683489330d72007413244898_angle-tool.svg
Peer feedback,peer-feedback,68300828427e8b9f263c88de,65d0adc286ea7998ef237173,68344b983fbb753b3b0b1c8a,false,false,Mon May 26 2025 11:08:08 GMT+0000 (Coordinated Universal Time),Tue May 27 2025 15:17:07 GMT+0000 (Coordinated Universal Time),Tue May 27 2025 15:17:07 GMT+0000 (Coordinated Universal Time),Learners give and receive input from colleagues or fellow users. Builds community and improves performance.,"Partner programs, team onboarding, internal upskilling.","<h2 id="""">What is peer feedback</h2><p id="""">Peer feedback is a collaborative learning technique where learners give and receive input from their peers rather than from a manager or instructor. It creates a two-way exchange that surfaces real-world insights, encourages reflection, and promotes active engagement. This process can be structured (rubrics, prompts) or informal (comments, discussion), and is especially powerful in environments where shared experiences are key.</p><h2 id="""">Why it works</h2><p id="""">Peer feedback leverages social learning—people learn better when they explain, reflect, and compare ideas with others. It builds trust and accountability, encourages self-awareness, and surfaces blind spots that traditional top-down feedback might miss. When used well, it also cultivates a sense of belonging and shared ownership, leading to faster learning and higher quality outcomes.</p><h2 id="""">Where to use it</h2><p id="""">Peer feedback is ideal in contexts where learners have overlapping experiences or goals. It shines in collaborative environments like partner programs, internal onboarding, or team upskilling. It's also valuable when a single expert can't scale across all learners—peers become a multiplier.</p><h2 id="""">Peer feedback for user onboarding and education</h2><p id="""">In user education, peer feedback can be used through community forums or in-product commenting features, where advanced users help others by reviewing configurations, use cases, or implementation approaches. It helps new users feel supported and shows them how others solved the same challenges.</p><h2 id="""">Peer feedback for customer education</h2><p id="""">For customers learning complex workflows (e.g., B2B platforms, creative tools), structured peer review (e.g., submitting a workspace or campaign for review by others) reinforces best practices and fosters a community of excellence. It also reduces dependency on support teams.</p><h2 id="""">Peer feedback for partner enablement</h2><p id="""">Peer feedback in partner programs encourages sharing real-world insights—from sales playbooks to implementation pitfalls. New partners can get input from more experienced ones, accelerating ramp-up and promoting consistency in how the brand is represented externally.</p><h2 id="""">Peer feedback for sales rep training</h2><p id="""">Sales teams benefit from peer review of pitch recordings, objection handling, or deal reviews. Instead of waiting for manager feedback, reps get rapid insights from colleagues who’ve been in similar situations. This creates a culture of learning and raises the bar across the team.</p>",11,https://cdn.prod.website-files.com/65d0adc286ea7998ef23718c/683486ff3592078782fe41f9_help-circle.svg
Real projects,real-projects,68300828427e8b9f263c88de,65d0adc286ea7998ef237173,68344b985983e655746d3138,false,false,Mon May 26 2025 11:08:08 GMT+0000 (Coordinated Universal Time),Tue May 27 2025 15:19:59 GMT+0000 (Coordinated Universal Time),Tue May 27 2025 15:19:59 GMT+0000 (Coordinated Universal Time),"Learners build something tangible related to their actual work, using course concepts. They do it alone or in a group.","Advanced onboarding, partner application, internal enablement.","<h2 id="""">What is real project-based learning?</h2><p id="""">Real projects involve learners creating something tangible and relevant to their actual job—such as a report, a configuration, a presentation, or a campaign—while applying the concepts taught in a course or training. Instead of passively consuming content, learners actively build something that contributes to their real work, making the learning meaningful and integrated.</p><h2 id="""">Why it works</h2><p id="""">This technique builds competence and confidence. By aligning training with real outcomes, learners experience immediate relevance and practical application. It also creates intrinsic motivation—people care more when they’re working on something that matters to them or their team. Plus, learners retain knowledge better when they apply it in context.</p><h2 id="""">Where to use it</h2><p id="""">Real projects are especially useful in complex onboarding, strategic enablement, and role-specific education. Think: setting up a partner portal, drafting a go-to-market plan, configuring a software integration, or creating a customer success workflow. These aren’t exercises—they’re real deliverables that benefit the business.</p><h2 id="""">Real projects for user onboarding and education</h2><p id="""">For user onboarding, real projects might mean configuring their account for launch, uploading and tagging their first assets, or completing a setup flow using their own data. Instead of sandbox demos, the user walks away with something ready to go live—accelerating time to value.</p><h2 id="""">Real projects for customer education</h2><p id="""">In customer education, real projects can help users build out full workflows, campaigns, or dashboards using your platform. For example, a marketing customer might complete a live email automation or A/B test using their data. The outcome isn’t a quiz score—it’s a campaign that drives ROI.</p><h2 id="""">Real projects for partner enablement</h2><p id="""">For partners, you might have them set up a co-branded landing page, submit a joint proposal, or simulate onboarding a customer through your process. These projects reinforce your product’s value chain while preparing the partner to operate independently.</p><h2 id="""">Real projects for sales rep training</h2><p id="""">Sales reps might build and deliver a real account plan, prospecting sequence, or sales pitch for an active opportunity. Rather than role-play in a vacuum, they refine assets they’ll actually use—leading to both learning and pipeline progress.</p>",17,https://cdn.prod.website-files.com/65d0adc286ea7998ef23718c/683486cb3eaa511838e12d7e_frame-select.svg
Role play,role-play-111bc,68300828427e8b9f263c88de,65d0adc286ea7998ef237173,68344b97366ece7d9d99a503,false,false,Mon May 26 2025 11:08:07 GMT+0000 (Coordinated Universal Time),Tue May 27 2025 14:50:01 GMT+0000 (Coordinated Universal Time),Tue May 27 2025 14:50:01 GMT+0000 (Coordinated Universal Time),"Simulated conversations where learners act out different roles. Builds confidence, empathy, and communication skills.","Sales training, objection handling, support scripts.","<h2 id="""">What is role play</h2><p id="""">Role play is a learning technique where participants simulate real-world conversations by acting out different roles. It’s often used to prepare for high-stakes interactions, such as sales calls, support escalations, or onboarding walkthroughs. By practicing in a safe environment, learners build the confidence and communication skills they need to succeed.</p><h2 id="""">Why it works</h2><p id="""">Role play creates experiential learning moments that mimic real challenges. It activates both emotional and cognitive responses, helping people internalize not just the <em id="""">what</em> but the <em id="""">how</em> of communication. This leads to better recall, more authentic behavior in real situations, and increased empathy for the other party’s perspective.</p><h2 id="""">Where to use it</h2><p id="""">This technique is most useful in scenarios that involve conversations, decision trees, and emotional intelligence—such as selling, handling objections, managing partners, guiding users, or training support teams. It shines when knowledge <em id="""">isn't enough</em>, and behavioral practice is the key.</p><h2 id="""">Role play for user onboarding and education</h2><p id="""">Users often need to navigate complex workflows or explain issues. Role play helps simulate scenarios where users can practice asking for help, explaining use cases, or making decisions within the app. It's ideal for products where user communication (e.g., API setup, integrations, collaboration) matters.</p><h2 id="""">Role play for customer education</h2><p id="""">Role play can guide Customer Success teams or customers themselves through common onboarding friction points. For example, simulating how a customer might explain internal goals to their team, or how they should engage with your support team when stuck. This preemptively resolves blockers.</p><h2 id="""">Role play for partner enablement</h2><p id="""">Partners must represent your product with confidence. Role play scenarios let them practice positioning your value proposition, handling objections from their clients, and troubleshooting common issues—without the pressure of real calls. It fast-tracks readiness and builds trust.</p><h2 id="""">Role play for sales rep training</h2><p id="""">For sales teams, role play is essential. Simulated calls with branching logic allow reps to practice objection handling, discovery questions, and demo delivery. With AI-generated feedback, they refine tone, timing, and next-best actions—resulting in faster ramp-up and more consistent performance.</p>",2,https://cdn.prod.website-files.com/65d0adc286ea7998ef23718c/683487bf117e86bca505dc89_finder.svg
Scenarios,scenarios,68300828427e8b9f263c88de,65d0adc286ea7998ef237173,68344b97f11c601a24e206a2,false,false,Mon May 26 2025 11:08:07 GMT+0000 (Coordinated Universal Time),Tue May 27 2025 14:59:29 GMT+0000 (Coordinated Universal Time),Tue May 27 2025 14:59:29 GMT+0000 (Coordinated Universal Time),Interactive decision-based flows where learners make choices and see the consequences.,"Support troubleshooting, compliance, sales tactics.","<h2 id="""">What is scenario-based learning</h2><p id="""">Scenario-based learning uses interactive decision-making flows to place learners in realistic situations where they must make choices and see the outcomes of their decisions. These branching paths simulate real-world consequences, encouraging active problem-solving, judgment, and learning from mistakes.</p><h2 id="""">Why it works</h2><p id="""">Scenarios mimic how people make decisions in their jobs. Instead of passively reading content, learners face a challenge, assess options, and make a call—just like they would in the field. This builds mental models, deepens retention, and strengthens critical thinking. It’s also safer and faster to fail in a simulated world than with real customers.</p><h2 id="""">Where to use it</h2><p id="""">Scenario-based learning is ideal for:</p><ul id=""""><li id="""">Support troubleshooting (e.g. diagnosing customer issues)</li><li id="""">Compliance training (e.g. navigating ethical dilemmas)</li><li id="""">Sales tactics (e.g. responding to objections or choosing the right pitch)</li><li id="""">Leadership and communication training</li></ul><p id="""">Anywhere judgment, not just knowledge, affects performance—scenarios help sharpen it.</p><h2 id="""">Scenario-based learning for user onboarding and education</h2><p id="""">When onboarding users to a complex product or system, scenarios help them learn how to navigate real-life use cases. For example, if your tool has multiple setup paths (e.g. API vs. manual import), a scenario can guide users through a decision tree that mimics actual product usage—showing consequences, offering tips, and reinforcing best practices.</p><h2 id="""">Scenario-based learning for customer education</h2><p id="""">For customers, scenarios can address common errors, usage dilemmas, or best practices. Imagine training a new admin on data privacy settings—they face a simulated choice (e.g., “Enable global access?”), see the result, and learn why it’s correct or risky. This approach turns knowledge into judgment and builds confidence in using the product independently.</p><h2 id="""">Scenario-based learning for partner enablement</h2><p id="""">Partners often need to apply brand policies, qualify leads, or handle region-specific workflows. Scenarios give them a safe space to practice those flows—making choices, handling edge cases, and seeing how different decisions affect the outcome. This helps partners align with your strategy without being overwhelmed by dense documentation.</p><h2 id="""">Scenario-based learning for sales rep training</h2><p id="""">Sales reps live in the world of dynamic conversations. Scenarios are perfect for training them on how to handle pricing objections, product pushback, or deal prioritization. Instead of memorizing scripts, they practice choosing the right action, hearing prospect reactions, and getting feedback—all in an interactive format that mirrors live calls.</p>",8,https://cdn.prod.website-files.com/65d0adc286ea7998ef23718c/683489e5dc826feb62a043a3_privacy%20policy.svg
Simulations,simulations,68300828427e8b9f263c88de,65d0adc286ea7998ef237173,68344b973c20becbe99b3ffe,false,false,Mon May 26 2025 11:08:07 GMT+0000 (Coordinated Universal Time),Tue May 27 2025 15:01:19 GMT+0000 (Coordinated Universal Time),Tue May 27 2025 15:01:19 GMT+0000 (Coordinated Universal Time),"Safe, interactive environments where learners practice using tools or systems without real-world risks.","Tool setup, CRM usage, platform training.","<h2 id="""">What is simulation-based learning</h2><p id="""">Simulation-based learning creates interactive, lifelike environments where learners can safely practice using tools, systems, or processes without real-world consequences. Think of it like a flight simulator for business: learners get hands-on experience, but mistakes don’t cost anything. Whether it’s navigating a CRM, configuring software, or managing a virtual customer scenario, simulations allow learners to <em id="""">do</em>, not just watch.</p><h2 id="""">Why it works</h2><p id="""">Simulations tap into active learning. Instead of passively absorbing information, learners make decisions, get feedback, and build muscle memory. This boosts retention and confidence. Since simulations mimic real workflows, they also reduce the “training-to-real-world” gap. It’s one of the fastest ways to go from “I’ve seen it” to “I can do it.”</p><h2 id="""">Where to use it</h2><p id="""">Simulations are best used where the stakes are high, the systems are complex, or the process is easily messed up if done wrong. Perfect for new software rollouts, compliance-sensitive workflows, or tools that users interact with daily. Also ideal for partner teams who don’t have access to production environments during onboarding.</p><h2 id="""">Simulation-based learning for user onboarding and education</h2><p id="""">Users can explore your product or platform in a no-risk environment. Let them practice uploading a file, editing data, configuring settings, or triggering workflows—all in a guided, sandboxed simulation. This drastically reduces frustration, errors, and support tickets during the critical first moments of product adoption.</p><h2 id="""">Simulation-based learning for customer education</h2><p id="""">For B2B customers rolling out your solution across teams, simulations help train admins and power users on complex processes like user provisioning, permission settings, or integrations. It’s particularly valuable when hands-on access isn’t possible until late in the implementation cycle. You teach them how to drive before handing over the keys.</p><h2 id="""">Simulation-based learning for partner enablement</h2><p id="""">When partners need to represent your product, simulations let them practice key tasks like quoting, configuration, or demo delivery. They can walk through typical partner workflows—like registering a deal or submitting a support case—without needing access to your live systems. This speeds up ramp-up and reduces support overhead.</p><h2 id="""">Simulation-based learning for sales rep training</h2><p id="""">Sales reps can learn how to navigate your demo environment, personalize pitches, or run guided product tours—all via simulation. Whether it’s configuring a product for a specific persona or handling a typical pricing objection inside a CRM, simulations build familiarity and confidence before they ever speak to a real prospect.</p>",10,https://cdn.prod.website-files.com/65d0adc286ea7998ef23718c/683486753ce2d232460d4465_tower.svg
Socratic prompts,socratic-prompts,68300828427e8b9f263c88de,65d0adc286ea7998ef237173,68344b983264cf912874e3eb,false,false,Mon May 26 2025 11:08:08 GMT+0000 (Coordinated Universal Time),Tue May 27 2025 15:14:38 GMT+0000 (Coordinated Universal Time),Tue May 27 2025 15:14:38 GMT+0000 (Coordinated Universal Time),Learning through questions that provoke critical thinking instead of giving direct answers.,"Leadership development, process thinking, decision-making.","<h2 id="""">What is Socratic prompting?</h2><p id="""">Socratic prompting is a learning technique where knowledge is uncovered through carefully constructed questions rather than direct instruction. Instead of telling someone the answer, you guide them to it by asking increasingly thoughtful and reflective questions. This method encourages learners to think deeply, explore assumptions, and connect ideas on their own.</p><h2 id="""">Why it works</h2><p id="""">It shifts the learner from passive absorption to active reasoning. Socratic questions help develop judgment, pattern recognition, and decision-making skills. When people discover insights on their own, retention improves and confidence grows. It’s particularly powerful for abstract thinking, problem-solving, and situations where there is no single “correct” answer.</p><h2 id="""">Where to use it</h2><p id="""">Use it when you want to grow autonomy, deepen understanding, or unlock strategic thinking. It’s ideal in leadership coaching, compliance decision-making, or training around process flows, frameworks, or customer scenarios. This method works best when learners already have some context and need to level up to more critical application.</p><h2 id="""">Socratic prompts for user onboarding and education</h2><p id="""">Instead of showing a user how to complete a task, you could ask guiding questions like: “What do you think happens if you skip this step?” or “Which option seems more aligned with your goal?” This helps users build intuitive understanding, especially when learning workflows, settings, or configurations.</p><h2 id="""">Socratic prompts for customer education</h2><p id="""">In customer academies or help content, Socratic prompts can encourage self-guided discovery. For example: “Why would automation be useful here?” or “What’s the impact of changing this permission?” This builds confidence and ownership, particularly for power users managing complex features.</p><h2 id="""">Socratic prompts for partner enablement</h2><p id="""">Partners often need to understand your logic—not just your product. By prompting with questions like “What would you advise a client to do here?” or “How would you adapt this for a different industry?” you train partners to reason through use cases, not just memorize facts.</p><h2 id="""">Socratic prompts for sales rep training</h2><p id="""">During sales training, this technique can simulate live calls or deal reviews. Rather than scripting every move, ask reps: “Why do you think the prospect objected?” or “What might be a better follow-up question?” It helps reps develop empathy, active listening, and deal navigation instincts—skills that go beyond any playbook.</p>",16,https://cdn.prod.website-files.com/65d0adc286ea7998ef23718c/6834874ed82243ecd744fe56_strategy.svg
Storytelling,storytelling,68300828427e8b9f263c88de,65d0adc286ea7998ef237173,68344b97fc47d4d4e7a3a94c,false,false,Mon May 26 2025 11:08:07 GMT+0000 (Coordinated Universal Time),Tue May 27 2025 14:54:53 GMT+0000 (Coordinated Universal Time),Tue May 27 2025 14:54:53 GMT+0000 (Coordinated Universal Time),Narratives with relatable characters help learners connect emotionally and contextualize knowledge.,"Onboarding, culture alignment, partner education.","<h2 id="""">What is storytelling</h2><p id="""">Storytelling in learning uses narratives—complete with characters, conflict, and resolution—to explain ideas, introduce processes, or frame real-world situations. A well-told story taps into human emotion, making complex topics more relatable and memorable. Instead of abstract instructions or dry facts, learners experience concepts through context and characters.</p><h2 id="""">Why it works</h2><p id="""">Stories activate multiple regions of the brain, including those linked to emotion, memory, and sensory processing. This leads to higher retention and deeper understanding. When people see themselves in the narrative—or empathize with those in it—they engage more deeply and recall information more accurately. It also builds trust and meaning, especially when used to introduce cultural values or explain a company’s mission.</p><h2 id="""">Where to use it</h2><p id="""">Use storytelling when you need to:</p><ul id=""""><li>Build emotional connection to a topic</li><li>Explain cultural values or team norms</li><li>Frame abstract concepts in a real-world scenario</li><li>Guide someone through a journey (e.g., onboarding or product usage)<br>It’s especially powerful in early-stage learning, change management, or when addressing soft skills.</li></ul><h2 id="""">Storytelling for user onboarding and education</h2><p id="""">Use stories to humanize your product. Instead of showing a feature tour, walk users through the story of “Alex,” a peer who had the same problem and solved it using your platform. Highlight decisions, small wins, and transformation. This creates emotional momentum and sets clear expectations for success.</p><h2 id="""">Storytelling for customer education</h2><p id="""">Structure your customer learning content like a transformation arc: the <em id="""">before</em>, the <em id="""">struggle</em>, the <em id="""">breakthrough</em>, and the <em id="""">results</em>. Stories from similar customers, with relatable pain points, help others see what’s possible. Bonus: they double as advocacy when shared externally.</p><h2 id="""">Storytelling for partner enablement</h2><p id="""">Introduce new partners with the narrative of “the successful partner journey.” For example: “Here’s how one reseller went from zero to $1M in pipeline in 3 months.” This narrative not only teaches the steps—they also inspire belief in the opportunity. Partners are more likely to invest effort when they see a clear and believable success story.</p><h2 id="""">Storytelling for sales rep training</h2><p id="""">Craft stories around customer objections, competitor wins/losses, and successful pitches. Instead of memorizing scripts, reps remember how a situation played out: what the customer said, how the rep responded, what turned the tide. This improves objection handling, narrative selling, and recall under pressure.</p>",4,https://cdn.prod.website-files.com/65d0adc286ea7998ef23718c/683485142cd947af9b319c68_voice.svg
Translated,quizzes,68300828427e8b9f263c88de,65d0adc286ea7998ef237173,68344b98945fc36ec2f90481,false,true,Mon May 26 2025 11:08:08 GMT+0000 (Coordinated Universal Time),Mon Oct 27 2025 07:11:54 GMT+0000 (Coordinated Universal Time),Tue May 27 2025 15:06:00 GMT+0000 (Coordinated Universal Time),Short assessments spaced throughout the journey to check understanding and reinforce knowledge.,"Knowledge retention, compliance, certification checkpoints.","<h2 id="""">What is interactive quizzing</h2><p id="""">Interactive quizzes are short assessments embedded throughout a learning journey to help learners check their understanding, apply knowledge in real time, and stay engaged. These can range from multiple-choice questions to matching exercises, true/false formats, or drag-and-drop tasks—delivered contextually, right after key concepts are introduced.</p><h2 id="""">Why it works</h2><p id="""">Interactive quizzes trigger active recall and immediate feedback, two essential mechanisms for reinforcing memory. They also break up the passive flow of learning, keeping attention high and helping identify misunderstandings early—before they become costly mistakes. In compliance-heavy or outcome-driven environments, quizzes act as checkpoints that ensure real comprehension, not just content consumption.</p><h2 id="""">Where to use it</h2><p id="""">Use interactive quizzes to reinforce critical knowledge, validate compliance understanding, or break long learning flows into digestible checkpoints. Ideal for onboarding paths, certification journeys, tool adoption flows, and anywhere knowledge transfer is essential for downstream success.</p><h2 id="""">Interactive quizzes for user onboarding and education</h2><p id="""">When new users explore a complex interface or complete setup steps, quizzes can reinforce what each feature does, validate if they understood a flow, or check readiness before moving on. For example, after guiding a user through setting up notifications, a quick quiz can confirm their grasp on how it works and why it's important—turning passive clicks into active learning.</p><h2 id="""">Interactive quizzes for customer education</h2><p id="""">In customer academies or training hubs, quizzes allow customers to validate their understanding of workflows, integrations, or best practices. Whether it’s how to interpret analytics dashboards or configure billing options, short interactive questions improve retention and reduce the support load downstream.</p><h2 id="""">Interactive quizzes for partner enablement</h2><p id="""">Partners often need to get certified or prove their ability to represent your brand. Embedding quizzes in partner training programs ensures they absorb key messaging, compliance protocols, and use cases—especially in regulated industries like healthcare, finance, or automotive. Quizzes also help track partner progress and certification status.</p><h2 id="""">Interactive quizzes for sales rep training</h2><p id="""">Sales reps need to internalize pitch positioning, objection handling, and product updates quickly. Quizzes reinforce new messaging, test knowledge of product bundles or competitor differentiators, and validate their ability to articulate value. Regular knowledge checks during sales onboarding or role-specific learning plans help keep the team sharp and confident.</p>",1,https://cdn.prod.website-files.com/65d0adc286ea7998ef23718c/6834885915a3d5df3bf6a637_golf.svg
Video tutorials,video-tutorials,68300828427e8b9f263c88de,65d0adc286ea7998ef237173,68344b998fd735ccb4248845,false,false,Mon May 26 2025 11:08:09 GMT+0000 (Coordinated Universal Time),Tue May 27 2025 15:20:54 GMT+0000 (Coordinated Universal Time),Tue May 27 2025 15:20:54 GMT+0000 (Coordinated Universal Time),Step-by-step videos that visually guide learners through concepts or tasks. Easy to consume and scalable.,"Feature education, setup walkthroughs, remote onboarding.","<h2 id="""">What is video tutorials</h2><p id="""">Video tutorials are short, guided videos that walk learners through a process, feature, or concept using visuals and narration. They simplify learning by showing exactly what to do, not just explaining it. These videos can be screen recordings, live demos, or animated walkthroughs, depending on the use case.</p><h2 id="""">Why it works</h2><p id="""">Video is a high-retention medium—people absorb more when they <em id="""">see</em> and <em id="""">hear</em> it. It reduces ambiguity, supports different learning styles, and gives learners confidence by making abstract concepts concrete. Plus, it's asynchronous and scalable, which is crucial for distributed teams or global customers.</p><h2 id="""">Where to use it</h2><p id="""">Use video tutorials wherever clarity and confidence matter: new feature rollouts, product walkthroughs, installation guides, compliance steps, or complex workflows. Especially powerful for visual or technical processes that would take too many words to explain.</p><h2 id="""">Video tutorials for user onboarding and education</h2><p id="""">Help new users get value faster by showing them exactly how to complete key tasks—logging in, integrating with other tools, setting up preferences. A short video reduces support tickets and builds early momentum. Bonus: users can pause, replay, or skip—perfect for varied learning speeds.</p><h2 id="""">Video tutorials for customer education</h2><p id="""">Use video to explain your product’s value in action. Tutorials can show how to solve real problems, demonstrate use cases, or highlight expert tips. Great for self-serve learning and reducing dependency on 1:1 support. Especially helpful in industries like manufacturing, software, or finance where the workflows are visual or regulated.</p><h2 id="""">Video tutorials for partner enablement</h2><p id="""">Your partners don’t have time to read 50-slide decks. Short videos that explain how to position, sell, or support your solution help them get ready faster. Use video to walk through sales playbooks, demo flows, or how to access partner tools. It's easy to localize and update when needed.</p><h2 id="""">Video tutorials for sales rep training</h2><p id="""">Whether it’s objection handling, demoing a new product line, or setting up internal tools—video shows the right way to do it. You can build a just-in-time library that reps can watch before calls, or embed short clips into learning paths to reinforce technique. And you can track completion for accountability.</p>",3,https://cdn.prod.website-files.com/65d0adc286ea7998ef23718c/683486b58c60037e4b7be7b4_video-camera.svg
