Title,Slug,Collection ID,Locale ID,Item ID,Archived,Draft,Created On,Updated On,Published On,Subtitle,Order
Accounts,accounts,6899accd96b084628cd3daaf,65d0adc286ea7998ef237173,6899acf134f61d98ca4b7c13,false,false,Mon Aug 11 2025 08:42:25 GMT+0000 (Coordinated Universal Time),Mon Aug 11 2025 16:34:42 GMT+0000 (Coordinated Universal Time),Mon Aug 11 2025 16:35:22 GMT+0000 (Coordinated Universal Time),"Manage your account, invite and delete users, and collaborate with teammates.",8
Certifications,certifications,6899accd96b084628cd3daaf,65d0adc286ea7998ef237173,6899ad5ed5849c5ab51ff1bf,false,false,Mon Aug 11 2025 08:44:14 GMT+0000 (Coordinated Universal Time),Mon Aug 11 2025 21:08:28 GMT+0000 (Coordinated Universal Time),Tue Aug 12 2025 07:32:10 GMT+0000 (Coordinated Universal Time),"Understand how certifications work, from awarding criteria to formatting and LinkedIn integration.",7
Create content,create-content,6899accd96b084628cd3daaf,65d0adc286ea7998ef237173,6899ad339569b1d9713b1481,false,false,Mon Aug 11 2025 08:43:31 GMT+0000 (Coordinated Universal Time),Mon Aug 11 2025 21:08:55 GMT+0000 (Coordinated Universal Time),Tue Aug 12 2025 07:32:10 GMT+0000 (Coordinated Universal Time),"Build structured learning experiences using Subjects, Levels, Paths, Modules, and Steps.",3
Customize theme,customize-your-qurioos-account,6899accd96b084628cd3daaf,65d0adc286ea7998ef237173,6899ad02da5c3ffcd311fecf,false,false,Mon Aug 11 2025 08:42:42 GMT+0000 (Coordinated Universal Time),Mon Aug 11 2025 21:09:37 GMT+0000 (Coordinated Universal Time),Tue Aug 12 2025 07:32:10 GMT+0000 (Coordinated Universal Time),"Adjust branding, colors, and logos to match the Qurioos account to the organization’s identity.",2
Emails,emails,6899accd96b084628cd3daaf,65d0adc286ea7998ef237173,690b89a74b2b2c88092c4403,false,false,Wed Nov 05 2025 17:30:15 GMT+0000 (Coordinated Universal Time),Wed Nov 05 2025 17:30:25 GMT+0000 (Coordinated Universal Time),Fri Nov 07 2025 11:32:26 GMT+0000 (Coordinated Universal Time),Learn how Qurioos emails and sending domains work for your account.,3
Hosting & domains,hosting-domains,6899accd96b084628cd3daaf,65d0adc286ea7998ef237173,689a07f5cbb38dd9b6049b56,false,false,Mon Aug 11 2025 15:10:45 GMT+0000 (Coordinated Universal Time),Mon Aug 11 2025 16:34:42 GMT+0000 (Coordinated Universal Time),Mon Aug 11 2025 16:34:42 GMT+0000 (Coordinated Universal Time),Learn how Qurioos hosting works and how domains connect to your account.,1
Integrations & API,integrations-api,6899accd96b084628cd3daaf,65d0adc286ea7998ef237173,6899ad645a40aef2c08c6f95,false,false,Mon Aug 11 2025 08:44:20 GMT+0000 (Coordinated Universal Time),Sat Oct 04 2025 05:26:26 GMT+0000 (Coordinated Universal Time),Sat Oct 04 2025 05:26:26 GMT+0000 (Coordinated Universal Time),Connect Qurioos with other tools and services to extend functionality and automate workflows.,10
Localization,localization,6899accd96b084628cd3daaf,65d0adc286ea7998ef237173,6899ad2b5a40aef2c08c5bdf,false,false,Mon Aug 11 2025 08:43:23 GMT+0000 (Coordinated Universal Time),Mon Aug 11 2025 21:14:10 GMT+0000 (Coordinated Universal Time),Tue Aug 12 2025 07:32:10 GMT+0000 (Coordinated Universal Time),Deliver learning in multiple languages with flexible localization options and controls.,4
Progress tracking,progress-tracking,6899accd96b084628cd3daaf,65d0adc286ea7998ef237173,6899ad5844d5b237b9a85c70,false,false,Mon Aug 11 2025 08:44:08 GMT+0000 (Coordinated Universal Time),Mon Aug 11 2025 21:14:04 GMT+0000 (Coordinated Universal Time),Tue Aug 12 2025 07:32:10 GMT+0000 (Coordinated Universal Time),"See how user progress is tracked, calculated, and updated across Steps, Modules, Paths, and Levels.",5
Reports,reports,6899accd96b084628cd3daaf,65d0adc286ea7998ef237173,6899ad07a5c9006221d72dca,false,false,Mon Aug 11 2025 08:42:47 GMT+0000 (Coordinated Universal Time),Mon Aug 11 2025 21:09:22 GMT+0000 (Coordinated Universal Time),Tue Aug 12 2025 07:32:10 GMT+0000 (Coordinated Universal Time),Export detailed progress reports and use them to answer any question.,6
Security,security,6899accd96b084628cd3daaf,65d0adc286ea7998ef237173,6899acd5fc555051dce3511c,false,false,Mon Aug 11 2025 08:41:57 GMT+0000 (Coordinated Universal Time),Mon Aug 11 2025 21:09:53 GMT+0000 (Coordinated Universal Time),Tue Aug 12 2025 07:32:10 GMT+0000 (Coordinated Universal Time),"Learn how Qurioos protects accounts, data, and content from unauthorized access.",9
